"id","type_contact","eie","nom","adresse_1","adresse_2","adresse_3","code_postal","ville","code_insee","departement_num","reg"
380,"ADIL",0,"ADIL de l'Ain","34 rue du Général Delestraint",,,"01000","Bourg-en-Bresse","01053","01","82"
394,"EIE",1,"Hélianthe","102 boulevard Edouard Herriot",,,"01000","Bourg-en-Bresse","01053","01","82"
325,"Autre",1,"HABITAT & DEVELOPPEMENT 02 - Laon","3 rue William Henry Waddington",,,"02003","Laon","02408","02","22"
326,"Autre",1,"HABITAT & DEVELOPPEMENT 02 - Saint Quentin","41 rue John Fitzgerald Kennedy",,,"02100","Saint-Quentin","02691","02","22"
43,"Autre",0,"Conseil général de l'Allier","Hôtel du Département - Direction de l'Aménagement du Territoire et du Partenariat Local - Service Urbanisme Habitat","1 avenue Victor Hugo","BP 1669","03116","Moulins","03190","03","83"
46,"Autre",1,"PACT de l'Allier","Maison de l'Habitat","4 quai Turgot",,"03100","Montluçon","03185","03","83"
401,"ADIL",0,"ADIL de l'Allier","4 rue de Refembre",,,"03000","Moulins","03190","03","83"
366,"DDT",0,"DDT des Alpes-de-Haute-Provence","Avenue Demontzey",,,"04002","Digne-les-Bains","04070","04","93"
376,"Autre",1,"PACT 04","15 allée des Fontainiers",,,"04000","Digne-les-Bains","04070","04","93"
350,"Autre",1,"ADELHA","2 avenue Lesdiguières",,,"05000","Gap","05061","05","93"
353,"ADIL",0,"ADIL des Hautes-Alpes","1b rue de Valserres",,,"05000","Gap","05061","05","93"
364,"Autre",1,"CPIE Haute Durance","35 rue Pasteur",,,"05100","Briançon","05023","05","93"
351,"ADIL",0,"ADIL des Alpes-Maritimes","5 rue du Congrès",,,"06000","Nice","06088","06","93"
362,"Autre",1,"Communauté d'Agglomération Sophia Antipolis","108 chemin de Sainte Hélène",,,"06560","Valbonne","06152","06","93"
365,"Autre",1,"CSIL","11 avenue Commandant Bret",,,"06400","Cannes","06029","06","93"
368,"DDTM",0,"DDTM des Alpes-Maritimes","Centre administratif des Alpes-Maritimes","Service logement Construction/PLP","Batiment Cheiron","06286","Nice","06088","06","93"
372,"Autre",1,"EIE de la Communauté d'Agglomération Nice Côte d'Azur","31 avenue Castellane",,,"06364","Nice","06088","06","93"
377,"Autre",1,"Planète Sciences Méditerranée","9 rue Gazan",,,"06130","Grasse","06069","06","93"
378,"Autre",1,"Ville de Nice","31 avenue Castellane",,,"06364","Nice","06088","06","93"
396,"Autre",1,"Polénergie","39 rue Jean Mermoz",,,"07200","Aubenas","07019","07","82"
100,"ADIL",0,"ADIL des Ardennes","6 rue Noël",,,"08000","Charleville-Mézières","08105","08","21"
101,"Autre",1,"Agence Locale de l'Energie des Ardennes","23A rue André Dhotel",,,"08130","Attigny","08025","08","21"
107,"DDT",0,"DDT des Ardennes","3 rue des Granges Moulues","BP 852",,"08011","Charleville-Mézières","08105","08","21"
110,"Autre",1,"PACT des Ardennes","103 cours Aristide Briand",,,"08000","Charleville-Mézières","08105","08","21"
241,"Autre",1,"ALEDA (Agence Locale de l'Energie du Département de l'Ariège)","ZA Joulieu","BP 10177","Saint Jean de Verges","09004","Saint-Jean-de-Verges","09264","09","73"
243,"DDT",0,"DDT de l'Ariège","10 rue des Salenques","BP 10 102",,"09007","Foix","09122","09","73"
99,"ADIL",0,"ADIL de l'Aube","17 rue Jean-Louis Delaporte",,,"10000","Troyes","10387","10","21"
104,"DDT",0,"DDT de l'Aube","1 boulevard Jules Guesde",,,"10026","Troyes","10387","10","21"
108,"Autre",1,"PACT de l'Aube","2 rue de Vauluisant",,,"10008","Troyes","10387","10","21"
185,"Autre",1,"CAUE 11","28 avenue Claude Bernard",,,"11000","Carcassonne","11069","11","91"
188,"DDTM",0,"DDTM de l'Aude","105 boulevard Barbès","CS9",,"11838","Carcassonne","11069","11","91"
194,"Autre",1,"Parc Naturel Régional de la Narbonnaise en Méditerranée","1 rue Jean Cocteau",,,"11130","Sigean","11379","11","91"
195,"Autre",1,"Pays Corbières et Minervois","24 boulevard Marx Dormoy",,,"11200","Lézignan-Corbières","11203","11","91"
234,"ADIL",1,"ADIL de l'Aveyron","7 place Sainte Catherine",,,"12000","Rodez","12202","12","73"
359,"Autre",1,"ALE Métropole marseillaise","5 rue Halle Puget",,,"13001","Marseille","13201","13","93"
352,"ADIL",0,"ADIL des Bouches-du-Rhône","7 cours Jean Ballard",,,"13001","Marseille","13201","13","93"
360,"Autre",1,"CLCV Pays d'Arles","6 rue Jean Bouin",,,"13200","Arles","13004","13","93"
370,"Autre",1,"Ecopolénergie","Maison du Pesquier RD 58",,,"13120","Gardanne","13041","13","93"
374,"Autre",1,"Espace Info Energie du Pays d'Aix","295 avenue Mozart",,,"13100","Aix-en-Provence","13001","13","93"
375,"Autre",1,"GERES Pays d'Aubagne","2 cours Foch",,,"13400","Aubagne","13005","13","93"
49,"Autre",1,"Biomasse-Normandie","19 quai de Juillet",,,"14000","Caen","14118","14","25"
50,"Autre",1,"CIER","8 rue Traversière",,,"14260","Aunay-sur-Odon","14027","14","25"
53,"DDTM",0,"DDTM du Calvados","10 boulevard du Général Vanier",,"CS 75 224","14052","Caen","14118","14","25"
54,"Autre",1,"GRAPE","10-18 Grand Parc",,,"14200","Hérouville-Saint-Clair","14327","14","25"
47,"Autre",1,"PACT du Cantal","9 avenue Aristide Briand",,,"15000","Aurillac","15014","15","83"
332,"ADIL",0,"ADIL de Charente","Maison Départementale de l'Habitat","57 rue Louis Pergaud",,"16000","Angoulême","16015","16","54"
336,"Autre",1,"CAUE 16","31 boulevard Besson Bey",,,"16000","Angoulême","16015","16","54"
343,"DDT",0,"DDT de la Charente","7- 9 rue de la Préfecture",,,"16023","Angoulême","16015","16","54"
333,"ADIL",0,"ADIL de Charente-Maritime","49 avenue Aristide Briand",,,"17000","La Rochelle","17300","17","54"
337,"Autre",1,"Communauté agglomération de la Rochelle","Bâtiment de la CdA La Rochelle - Zi de Périgny; 16 rue Jacques de Vaucanson",,,"17180","Périgny","17274","17","54"
339,"Autre",1,"Communauté d'Agglomération de Rochefort","35 rue Audry de Puyravault",,,"17300","Rochefort","17299","17","54"
340,"Autre",1,"Communauté d'agglomération de Royan","107 avenue de Rochefort",,,"17201","Royan","17306","17","54"
344,"DDTM",0,"DDTM de la Charente-Maritime","89 avenue des Cordeliers",,,"17018","La Rochelle","17300","17","54"
345,"Autre",1,"Défi Energie 17","5 rue Jean-Philippe Rameau",,,"17700","Surgères","17434","17","54"
346,"Autre",1,"Maison de l'énergie","Heurtebise",,,"17500","Jonzac","17197","17","54"
98,"Autre",1,"Agence Locale de l'Energie et du Climat du Cher","16 rue Jean-Jacques Rousseau",,,"18000","Bourges","18033","18","24"
197,"ADIL",0,"ADIL de la Corrèze","62 avenue Victor Hugo",,,"19000","Tulle","19272","19","74"
200,"Autre",1,"CPIE de la Corrèze","12 place Martial Brigouleix",,,"19011","Tulle","19272","19","74"
201,"DDT",0,"DDT de la Corrèze","Cité administrative","Place Martial Brigouleix",,"19000","Tulle","19272","19","74"
203,"Autre",1,"Energies pour Demain","Les Sapins",,,"19290","Peyrelevade","19164","19","74"
204,"Autre",1,"Maison de l'Habitat","1 avenue Léo Lagrange",,,"19100","Brive-la-Gaillarde","19031","19","74"
57,"ADIL",0,"ADIL de Côte-d'Or","4 rue Paul Cabet",,,"21000","Dijon","21231","21","26"
61,"Autre",1,"Bourgogne Energies Renouvelables","1c boulevard de Champagne",,,"21000","Dijon","21231","21","26"
66,"Autre",0,"Communauté d'agglomération du Grand Dijon","Cendtre d'amélioration départemental de l'habitat (CDAH)","4 rue de la Redoute Saint Apollinaire","BP37610","21076","Dijon","21231","21","26"
68,"ADIL",0,"ADIL des Côtes d'Armor","9 place Saint-Michel","BP 4132",,"22041","Saint-Brieuc","22278","22","53"
71,"Autre",1,"Agence Locale de l'Energie du Pays de Saint-Brieuc","14 bis Rue de Gouëdic",,,"22000","Saint-Brieuc","22278","22","53"
75,"DDTM",0,"DDTM des Côtes-d'Armor","5 rue Jules Vallès",,,"22022","Saint-Brieuc","22278","22","53"
80,"Autre",1,"Pays de Dinan","7 rue Victor Schoelcher",,,"22100","Dinan","22050","22","53"
88,"Autre",1,"Pays du Centre Bretagne","Maison du développement","77 Boulevard de Penthièvre",,"22600","Loudéac","22136","22","53"
89,"Autre",1,"Pays du Trégor-Goëlo","21 rue Jean Savidan",,,"22300","Lannion","22113","22","53"
202,"DDT",0,"DDT de la Creuse","Cité administrative","BP 147",,"23003","Guéret","23096","23","74"
205,"Autre",1,"Syndicat des Energies de la Creuse","11 avenue Pierre Mendès-France",,,"23000","Guéret","23096","23","74"
207,"Autre",0,"Communauté de communes de Bourganeuf et Royère-de-Vassivière"," route de la Soutéraine",,,"23400","Masbaraud-Mérignat","23126","23","74"
208,"Autre",0,"Parc naturel régional de Millevaches","2 rue des Marroniers",,,"23000","Guéret","23096","23","74"
209,"Autre",0,"Communauté d'agglomération du Grand Guéret","9 avenue Charles de Gaulle",,,"23000","Guéret","23096","23","74"
210,"Autre",0,"Communauté de communes du Pays Sostranien","1 rue de l'Hermitage",,,"23300","La Souterraine","23176","23","74"
211,"Autre",0,"Communauté de communes Portes de la Creuse en Marche","10 place de la fontaine",,,"23270","Châtelus-Malvaleix","23057","23","74"
212,"Autre",0,"Communauté de communes du Pays Dunois","19 avenue de Verdun  ",,,"23800","Dun-le-Palestel","23075","23","74"
213,"Autre",0,"Communauté de communes Creuse Grand Sud","34 bis rue Jules Sandeau ",,,"23200","Aubusson","23008","23","74"
214,"Autre",0,"Communauté intercommunale d'aménagement du territoire Creuse-Thaurion","16 place Lagrange ",,,"23150","Ahun","23001","23","74"
215,"Autre",0,"Pays de Combraille","11 grand rue ",,,"23700","Mainsat","23116","23","74"
402,"Autre",0,"Communauté de communes de Bénévent-Grand-Bourg","8 Place du Marché	",,,"23240","Le Grand-Bourg","23095","23","74"
19,"ADIL",0,"ADIL de la Dordogne","3 rue Victor Hugo",,,"24000","Périgueux","24322","24","72"
26,"Autre",1,"CAUE Dordogne","2 place Hoche",,,"24000","Périgueux","24322","24","72"
36,"Autre",1,"PACT H&D de la Dordogne","56 rue Gambetta",,,"24000","Périgueux","24322","24","72"
40,"Autre",1,"Parc Naturel Régional Périgord Limousin","Maison du Parc","La Barde",,"24450","La Coquille","24133","24","72"
123,"ADIL",0,"ADIL du Doubs","1 chemin de Ronde du Fort Griffon",,,"25000","Besançon","25056","25","43"
382,"ADIL",1,"ADIL de la Drôme","44 rue Faventines",,,"26000","Valence","26362","26","82"
390,"Autre",1,"Ceder","15 avenue Paul Laurens",,,"26110","Nyons","26220","26","82"
129,"ADIL",0,"ADIL de l'Eure","8 boulevard Georges Chauvin","BP 734",,"27007","Évreux","27229","27","23"
131,"Autre",1,"ALEC 27","20 rue Maréchal Foch",,,"27400","Louviers","27375","27","23"
135,"DDTM",0,"DDTM de l'Eure","1 avenue du Maréchal Foch",,,"27000","Évreux","27229","27","23"
140,"Autre",1,"Habitat et Développement de l'Eure","12 boulevard Georges Chauvin",,,"27007","Évreux","27229","27","23"
95,"DDT",0,"DDT de l'Eure-et-Loir","17 place de la République",,,"28000","Chartres","28085","28","24"
97,"Autre",0,"Habitat et Développement d'Eure et Loir","36 avenue Maunoury",,,"28600","Luisant","28220","28","24"
69,"ADIL",0,"ADIL du Finistère","23 rue Jean Jaurès",,,"29000","Quimper","29232","29","53"
73,"Autre",1,"ALECOB","Maison des Services Publics","Place de la Tour d'Auvergne","BP 226","29834","Carhaix-Plouguer","29024","29","53"
76,"Autre",1,"ENERG'ENCE","9 rue Dusquesne",,,"29200","Brest","29019","29","53"
77,"Autre",1,"HEOL - ALE du pays de Morlaix","38 rue du Mur",,,"29600","Morlaix","29151","29","53"
90,"Autre",1,"Quimper Cornouaille Développement","3 rue Pitre Chevalier",,,"29000","Quimper","29232","29","53"
406,"Autre",0,"Quimper Communauté","Service foncier-habitat","3 rue de la mairie",,"29000","Quimper","29232","29","53"
410,"Autre",0,"Tinergie - Brest Métropole Océane	","Ener'gence","9 rue Duquesne",,"29200","Brest","29019","29","53"
182,"ADIL",0,"ADIL du Gard","7 rue Nationale",,,"30000","Nîmes","30189","30","91"
186,"Autre",1,"CAUE 30","11 place du 8 mai 1945",,,"30000","Nîmes","30189","30","91"
193,"Autre",1,"Maison de la Nature et de l'Environnement","155 faubourg de Rochebelle",,,"30100","Alès","30007","30","91"
235,"ADIL",0,"ADIL de la Haute-Garonne","4 rue Furgole",,,"31000","Toulouse","31555","31","73"
247,"Autre",1,"EIE Pays Sud Toulousain","68 rue de l'église",,,"31390","Carbonne","31107","31","73"
251,"Autre",1,"SOLAGRO","75 voie du Toec",,,"31076","Toulouse","31555","31","73"
252,"Autre",1,"SOLEVAL","2 place Pablo Picasso",,,"31520","Ramonville-Saint-Agne","31446","31","73"
256,"Autre",0,"Communauté urbaine de Toulouse","31 allée Maurice Sarault",,,"31300","Toulouse","31555","31","73"
258,"Autre",0,"Communauté d'agglomération de Muretain"," Immeuble ""Le Dorval""","1 place Mendès France",,"31400","Toulouse","31555","31","73"
260,"Autre",0,"SICOVAL","31 allée Maurice Sarault",,,"31000","Toulouse","31555","31","73"
398,"Autre",0,"Conseil général de Haute Garonne","Service Habitat du Conseil Général","1 boulevard de la Marquette","Bâtiment C","31000","Toulouse","31555","31","73"
237,"ADIL",0,"ADIL du Gers","81 route de Pessan",,,"32000","Auch","32013","32","73"
242,"Autre",1,"CAUE du Gers","29 chemin de Baron",,,"32000","Auch","32013","32","73"
20,"ADIL",0,"ADIL de la Gironde","105 avenue Emile Counord",,,"33300","Bordeaux","33063","33","72"
27,"Autre",1,"CLCV Union Gironde (Bordeaux)","2 terrasse du 8 mai 1945",,,"33000","Bordeaux","33063","33","72"
28,"Autre",1,"CLCV Union Gironde (Mérignac)","1 rue Joliot Curie",,,"33700","Mérignac","33281","33","72"
29,"Autre",1,"CLCV Union Gironde (Saint Pierre)","6 bis rue Maucoudina",,,"33000","Bordeaux","33063","33","72"
31,"Autre",1,"CREAQ","3 rue de Tauzia",,,"33000","Bordeaux","33063","33","72"
34,"Autre",1,"Maison de la Promotion Sociale","24 avenue de Virecourt",,,"33370","Artigues-près-Bordeaux","33013","33","72"
37,"Autre",1,"PACT H&D de la Gironde","211 cours de la Somme",,,"33800","Bordeaux","33063","33","72"
179,"ADIL",0,"ADIL de l'Hérault","4 bis rue Rondelet",,,"34000","Montpellier","34172","34","91"
184,"Autre",1,"ALE Montpellier","2 place Paul BEC",,,"34000","Montpellier","34172","34","91"
190,"Autre",1,"EIE de Béziers et Grand Biterrois","Maison des Coeurs de Ville","place Gabriel Péri",,"34500","Béziers","34032","34","91"
192,"Autre",1,"GEFOSAT","11 ter avenue Lepic",,,"34070","Montpellier","34172","34","91"
196,"Autre",1,"Pays Haut Languedoc et Vignobles","1 route de Saint Pons",,,"34600","Bédarieux","34028","34","91"
67,"ADIL",0,"ADIL de l'Ille-et-Vilaine","22 rue Poullain Duparc",,,"35000","Rennes","35238","35","53"
72,"Autre",1,"ALEC du Pays de Rennes","104 boulevard Clémenceau",,,"35200","Rennes","35238","35","53"
81,"Autre",1,"Pays de Fougères","Pays de Fougères","36 rue de Nantes","BP 50306","35303","Fougères","35115","35","53"
84,"Autre",1,"Espace Info Energie Pays de Redon Bretagne Sud","66 rue des douves","BP 10602",,"35606","Redon","35236","35","53"
85,"Autre",1,"Pays de Saint Malo","23 avenue Anita Conti",,,"35400","Saint-Malo","35288","35","53"
87,"Autre",1,"Espace Info Energie du Pays de Vitré, Porte de Bretagne","47 Rue Notre Dame",,,"35500","Vitré","35360","35","53"
91,"ADIL",1,"ADIL de l'Indre","1 place Eugène Rolland","Centre Colbert","Bâtiment I","36000","Châteauroux","36044","36","24"
94,"Autre",1,"Agence Locale de l'Energie de l'Indre-et-Loire","62 rue Marceau",,,"37000","Tours","37261","37","24"
96,"DDT",0,"DDT de l'Indre-et-Loire","61 avenue de Grammont",,,"37041","Tours","37261","37","24"
381,"ADIL",0,"ADIL de l'Isère","2 boulevard Maréchal Joffre",,,"38000","Grenoble","38185","38","82"
386,"Autre",1,"Ageden","34 avenue de l'Europe",,,"38100","Grenoble","38185","38","82"
388,"Autre",1,"ALEC de l'Agglomération Grenobloise","4 rue Voltaire",,,"38000","Grenoble","38185","38","82"
124,"ADIL",0,"ADIL du Jura","32 rue Rouget de Lisle",,,"39000","Lons-le-Saunier","39300","39","43"
125,"Autre",1,"AJENA","28 boulevard Gambetta",,,"39000","Lons-le-Saunier","39300","39","43"
21,"ADIL",0,"ADIL des Landes","125 rue Martin Luther King",,,"40000","Mont-de-Marsan","40192","40","72"
38,"Autre",1,"PACT H&D des Landes","45 avenue Victor Hugo",,,"40100","Dax","40088","40","72"
92,"ADIL",1,"ADIL du Loir-et-Cher","34 avenue Maréchal Maunoury",,,"41000","Blois","41018","41","24"
383,"ADIL",0,"ADIL de la Loire","20 rue Balaÿ",,,"42000","Saint-Étienne","42218","42","82"
392,"DDT",0,"DDT de la Loire","2 avenue Grüner",,,"42000","Saint-Étienne","42218","42","82"
395,"Autre",1,"HELIOSE - Espace Info Energie de la Loire","5 avenue Albert Raimond",,,"42270","Saint-Priest-en-Jarez","42275","42","82"
44,"DDT",0,"DDT de la Haute-Loire","13 rue des Moulins",,,"43009","Le Puy-en-Velay","43157","43","83"
45,"Autre",1,"CAUE de la Haute-Loire","16 rue Jean Solvain",,,"43000","Le Puy-en-Velay","43157","43","83"
303,"ADIL",0,"ADIL de la Loire-Atlantique","6 rue de l'Arche Sèche",,,"44000","Nantes","44109","44","52"
308,"Autre",1,"Alisee - Saint Nazaire","4 avenue du Commandant l'Herminier",,,"44600","Saint-Nazaire","44184","44","52"
309,"Autre",1,"ALISEE -Nantes","Le Solilab","8 rue de Saint-Domingue",,"44200","Nantes","44109","44","52"
314,"Autre",1,"FDCIVAM 44","4 rue de la Résistance",,,"44390","Saffré","44149","44","52"
318,"Autre",0,"Communauté d'agglomération de la région nazairienne et de l'estuaire","Service amélioration de l'habitat","4 avenue du Commandant l'Herminier",,"44605","Saint-Nazaire","44184","44","52"
320,"Autre",0,"Nantes Métropole","Centre de l'habitat (CDH)","12, rue de la Haltinière","BP 42533","44325","Nantes","44109","44","52"
93,"ADIL",1,"ADIL du Loiret","19 rue des Huguenots",,,"45000","Orléans","45234","45","24"
238,"ADIL",0,"ADIL du Lot","64 boulevard Gambetta",,,"46000","Cahors","46042","46","73"
250,"Autre",1,"Quercy Energies","Maison de l'Habitat ","64 Boulevard Gambetta ",,"46000","Cahors","46042","46","73"
24,"ADIL",0,"ADIL du Lot-et-Garonne","6bis boulevard Scaliger","Bâtiment de gauche","1er étage","47000","Agen","47001","47","72"
25,"Autre",1,"CAUE - EIE 47","9 rue Etienne Dolet",,,"47000","Agen","47001","47","72"
30,"Autre",1,"CPIE ARPE 47","1 boulevard de la République",,,"47300","Villeneuve-sur-Lot","47323","47","72"
32,"DDT",0,"DDT du Lot-et-Garonne","1722 avenue de Colmar",,,"47916","Agen","47001","47","72"
180,"ADIL",0,"ADIL de la Lozère","12 bis avenue Foch",,,"48000","Mende","48095","48","91"
183,"Autre",1,"Agence Locale de l’Energie et du Climat – Lozère Energie","5 ter Boulevard Lucien Arnault",,,"48000","Mende","48095","48","91"
187,"Autre",1,"CLCV 48","17 cité de l'Usine",,,"48200","Saint-Chély-d'Apcher","48140","48","91"
306,"ADIL",0,"ADIL du Maine-et-Loire","Maison de l'Architecture","312 avenue René Gasnier",,"49100","Angers","49007","49","52"
307,"Autre",1,"ALISEE - Angers","MATP 312 avenue René Gasnier",,,"49000","Angers","49007","49","52"
312,"DDT",0,"DDT du Maine-et-Loire","Unité habitat privé et accessibilité","cité administrative - bat M",,"49000","Angers","49007","49","52"
317,"Autre",0,"Conseil général du Maine-et-Loire","Service Habitat et Cohésion Sociale","Cité Administrative – Bâtiment P","26 ter rue de Brissac","49047","Angers","49007","49","52"
52,"DDTM",0,"DDTM de la Manche","477 boulevard de la Dollée","BP 60355",,"50015","Saint-Lô","50502","50","25"
56,"Autre",1,"Les 7 Vents du Cotentin","62 rue Gambetta",,,"50200","Coutances","50147","50","25"
103,"Autre",1,"COMAL-PACT-51","16 boulevard Hippolyte Faure",,,"51005","Châlons-en-Champagne","51108","51","21"
106,"DDT",0,"DDT de la Marne","40 boulevard Anatole France","BP 60554",,"51022","Châlons-en-Champagne","51108","51","21"
109,"Autre",1,"PACT de la Marne","16 boulevard Hippolyte Faure",,,"51005","Châlons-en-Champagne","51108","51","21"
111,"Autre",1,"Reims Métropole","1 rue de Vesle","(entrée : 2 rue Tronsson Ducoudray)",,"51100","Reims","51454","51","21"
102,"Autre",1,"ARCAD","105 rue Denis Mougeot","BP 99",,"52103","Saint-Dizier","52448","52","21"
105,"DDT",0,"DDT de la Haute-Marne","82 rue du Commandant-Hugueny",,,"52903","Chaumont","52121","52","21"
304,"ADIL",0,"ADIL de Mayenne","21 rue de l'Ancien Evêché",,,"53000","Laval","53130","53","52"
310,"Autre",1,"Association Synergies","14 rue Jean-Baptiste Lafosse",,,"53000","Laval","53130","53","52"
315,"Autre",1,"Habitat et Développement de la Mayenne","21 rue de l'Ancien Evêché","BP 70837",,"53008","Laval","53130","53","52"
216,"ADIL",0,"ADIL de Meurthe-et-Moselle","48 rue du Sergent Blandan",,,"54000","Nancy","54395","54","41"
222,"Autre",1,"EIE Nancy Grands territoires (Antenne du territoire de Sel et Vermois et Grand Couronné)","154 rue Jeanne d'Arc",,,"54000","Nancy","54395","54","41"
224,"Autre",1,"EIE Est 54","15 rue de Voise",,,"54450","Blâmont","54077","54","41"
226,"Autre",1,"EIE Lorraine Nord","186 rue de Lorraine",,,"54400","Cosnes-et-Romain","54138","54","41"
231,"Autre",1,"EIE Ouest 54","rue des Oiseleurs",,,"54200","Écrouves","54174","54","41"
233,"Autre",0,"Maison de l'Habitat et du Développement Durable du Grand Nancy","Place de la République",,,"54000","Nancy","54395","54","41"
403,"Autre",1,"EIE Nancy Grands territoires","Place de la République ",,,"54000","Nancy","54395","54","41"
413,"Autre",0,"Communauté de communes du Bassin de Pompey","Rue des quatre éléments","BP 60 008",,"54340","Pompey","54430","54","41"
218,"DDT",0,"DDT de la Meuse","14 rue Antoine Durenne","BP 10501",,"55012","Bar-le-Duc","55029","55","41"
227,"Autre",1,"EIE Meuse","98 boulevard de la Rochelle",,,"55001","Bar-le-Duc","55029","55","41"
70,"ADIL",0,"ADIL du Morbihan","Parc d’activités de Laroiseau","14 rue Ella Maillart",,"56000","Vannes","56260","56","53"
74,"Autre",1,"ALOEN","31 rue du Couëdic","BP 90122",,"56101","Lorient","56121","56","53"
78,"Autre",1,"Pays d'Auray","Maison du Logement Espace Océane, Porte Océane 2",,,"56400","Auray","56007","56","53"
82,"Autre",1,"Espace Info Energie du Pays de Ploermel Coeur de Bretagne","Centre d'activité de Ronsouze, BP 30555",,,"56805","Ploërmel","56165","56","53"
83,"Autre",1,"Pays de Pontivy","1 rue Henri Dunant",,,"56300","Pontivy","56178","56","53"
86,"Autre",1,"Pays de Vannes","14 boulevard de la Paix",,,"56000","Vannes","56260","56","53"
408,"Autre",0,"Espace Info Habitat - Lorient","30 cours de Chazelles",,,"56100","Lorient","56121","56","53"
409,"Autre",0,"Opération Renov'EE","E.E.S","Parc Pompidou - entrée n°3","CP 3409","56034","Vannes","56260","56","53"
217,"ADIL",0,"ADIL de Moselle","8 rue Gambetta",,,"57000","Metz","57463","57","41"
219,"DDT",0,"DDT de la Moselle","17 quai Paul Wiltzer",,,"57000","Metz","57463","57","41"
223,"Autre",1,"EIE Pays messin","1 rue des Récollets",,,"57000","Metz","57463","57","41"
228,"Autre",1,"EIE Moselle centre","DOMOFUTURA","Pôle d'activité du Centre Mosellan",,"57340","Morhange","57483","57","41"
229,"Autre",1,"EIE Moselle Est","110 rue des Moulins",,,"57608","Forbach","57227","57","41"
230,"Autre",1,"EIE Moselle Nord","4 avenue Gabriel Lippmann",,,"57972","Yutz","57757","57","41"
232,"Autre",1,"EIE Pays messin","1 rue des Récollets",,,"57000","Metz","57463","57","41"
60,"Autre",1,"Agence Locale de l'Energie de la Nièvre","31 avenue Pierre Bérégovoy",,,"58000","Nevers","58194","58","26"
63,"DDT",0,"DDT de la Nièvre","2 rue des Pâtis","BP 30069",,"58020","Nevers","58194","58","26"
65,"Autre",1,"Syndicat Mixte du Parc Naturel Régional du Morvan","Maison du Parc",,,"58230","Saint-Brisson","58235","58","26"
262,"ADIL",1,"ADIL du Nord","7 bis rue Racine",,,"59000","Lille","59350","59","31"
263,"ADIL",1,"ADIL du Nord - EIE Coeur de Flandre","41 rue du Milieu",,,"59190","Hazebrouck","59295","59","31"
264,"ADIL",1,"ADIL du Nord - EIE Com. d'agglo. Porte du Hainaut","Rue du Commerce","Bâtiment D7",,"59590","Raismes","59491","59","31"
265,"ADIL",1,"ADIL du Nord - EIE de Maubeuge","1 rue du Commerce",,,"59600","Maubeuge","59392","59","31"
266,"ADIL",1,"ADIL du Nord - EIE de Roubaix ","9-11 rue des Fabricants",,,"59100","Roubaix","59512","59","31"
267,"ADIL",1,"ADIL du Nord - EIE de Valenciennes","32 avenue Albert 1er",,,"59300","Valenciennes","59606","59","31"
268,"ADIL",1,"ADIL du Nord - EIE du Grand Douaisis","64 rue de Canteleu",,,"59500","Douai","59178","59","31"
269,"ADIL",1,"ADIL du Nord - EIE du SIVOM Alliance Nord-Ouest","parc de l'Innovation","187 rue Menin",,"59520","Marquette-lez-Lille","59386","59","31"
270,"ADIL",1,"ADIL du Nord - EIE Pays du Cambrésis","1-27 place Notre-Dame",,,"59400","Cambrai","59122","59","31"
273,"DDTM",0,"DDTM du Nord","62 boulevard de Belfort","CS 90007",,"59042","Lille","59350","59","31"
277,"Autre",1,"EIE de la Communauté Urbaine de Dunkerque","Pertuis de la Marine",,,"59386","Dunkerque","59183","59","31"
278,"Autre",1,"EIE de la MRES (Maison Rég. de l'env. et des Solidarités)","23 rue Gosselet",,,"59000","Lille","59350","59","31"
279,"Autre",1,"EIE de Union Régionale CLCV","108 rue d'Arras",,,"59000","Lille","59350","59","31"
285,"Autre",1,"Habitat et Développement - EIE Coeur d'Ostrevent et Coeur de Pévèle","avenue du Bois","BP 50005",,"59287","Lewarde","59345","59","31"
288,"ADIL",1,"ADIL du Nord - EIE de Tourcoing","5 rue de l'Industrie",,,"59200","Tourcoing","59599","59","31"
289,"Autre",0,"Communauté d'agglomération de la Porte du Hainaut ","ZA du Plouich","Bâtiment la Passerelle ","Rue du Commerce","59590","Raismes","59491","59","31"
290,"Autre",0,"Communauté d'agglomération du Douaisis","Parc d'activités de Dorignies     "," 746 rue Jean Perrin","BP 300","59351","Douai","59178","59","31"
291,"Autre",0,"Communauté urbaine de Dunkerque","8 rue du sud",,,"59379","Dunkerque","59183","59","31"
292,"Autre",0,"Communauté d'agglomération Maubeuge-Val de Sambre","1 place du pavillon","BP 243",,"59600","Maubeuge","59392","59","31"
301,"Autre",0,"Communauté d'agglomération de Valenciennes Métropole","84, rue du faubourg de Paris","BP 60227",,"59300","Valenciennes","59606","59","31"
302,"Autre",0,"Lille Métropole – Maison de l’Habitat Durable","Maison de l’Habitat Durable","7 bis rue Racine",,"59000","Lille","59350","59","31"
399,"Autre",1,"EIE des Weppes","23 rue Gosselet",,,"59000","Lille","59350","59","31"
400,"ADIL",1,"ADIL du Nord - EIE de la Vallée de la Lys","Place du Général de Gaulle",,,"59116","Houplines","59317","59","31"
321,"ADIL",1,"ADIL de l'Oise","17 rue Jean Racine",,,"60000","Beauvais","60057","60","22"
324,"Autre",1,"Ateliers de la Bergerette","8 rue de la Bergerette",,,"60000","Beauvais","60057","60","22"
327,"Autre",1,"Maison du Conseil Général de l'Oise","18 boulevard Sarazin",,,"60400","Noyon","60471","60","22"
330,"Autre",0,"Communauté d'agglomération de la région de Compiègne"," Place de l'hotel de Ville ",,,"60200","Compiègne","60159","60","22"
331,"Autre",0,"Communauté d'agglomération du Beauvaisis                                                 ","48 rue Desgroux ",,,"60000","Beauvais","60057","60","22"
48,"ADIL",0,"ADIL de l'Orne","88 rue Saint Blaise",,,"61000","Alençon","61001","61","25"
51,"DDT",0,"DDT de l'Orne","place Bonet","BP 537",,"61007","Alençon","61001","61","25"
55,"Autre",1,"Habitat et Développement Nord-Ouest / Agence de l'Orne","52 boulevard du 1er Chasseur",,,"61000","Alençon","61001","61","25"
271,"Autre",1,"CAP Calaisis - Terre d'Opale","Ferme des Aigrettes","183 Allée de la découverte ",,"62730","Marck","62548","62","31"
272,"DDTM",0,"DDTM du Pas-de-Calais","100 avenue Winston Churchill",,,"62000","Arras","62041","62","31"
274,"Autre",1,"EIE A Petits Pas","16, rue de Canlers",,,"62310","Ruisseauville","62726","62","31"
275,"Autre",1,"CAB Info Energie","1 Boulevard du Bassin Napoléon","Communauté d'Agglomération du Boulonnais",,"62200","Boulogne-sur-Mer","62160","62","31"
276,"Autre",1,"EIE de l'Arrageois","Communauté Urbaine d'Arras - La Citadelle","Boulevard du Général de Gaulle","BP 10345","62000","Arras","62041","62","31"
280,"Autre",1,"EIE du Pays d'Artois","7 rue Hoffbauer",,,"62000","Arras","62041","62","31"
281,"Autre",1,"EIE du Pays de Saint-Omer","30 rue Roland Huguet",,,"62559","Fauquembergues","62325","62","31"
282,"Autre",1,"EIE Pays du Ternois et Pays de la Lys romane","Communauté de Communes du Pernois",,,"62550","Pernes","62652","62","31"
283,"Autre",1,"Habitat & Développement - EIE d'Hénin-Carvin","1573 Boulevard des Frères Leterme",,,"62110","Hénin-Beaumont","62427","62","31"
284,"Autre",1,"Habitat & Développement Nord-Pas-de-Calais","3 rue Alexandre Maniez",,,"62750","Loos-en-Gohelle","62528","62","31"
286,"Autre",1,"Habitat et Développement - EIE d'Artois-comm.","100 avenue de Londres",,,"62411","Béthune","62119","62","31"
287,"Autre",1,"PNR des Caps et Marais d'Opale","Manoir du Huisbois",,,"62142","Le Wast","62880","62","31"
293,"Autre",0,"Communauté urbaine d'Arras ","la Citadelle","Boulevard du Général de Gaulle","BP 10 345","62026","Arras","62041","62","31"
294,"Autre",0,"Artois Comm.","100 avenue de Londres",,,"62411","Béthune","62119","62","31"
295,"Autre",0,"Canton de Bertincourt","Maison des services publics","2 rue d'Hermies",,"62124","Bertincourt","62117","62","31"
296,"Autre",0,"Communauté de Communes de l'Hesdinois","6 rue du Général Daullé",,,"62140","Hesdin","62447","62","31"
297,"Autre",0,"Communauté d'agglomération de Lens-Lievin","21 rue Marcel Sembat","BP 65",,"62302","Lens","62498","62","31"
298,"Autre",0,"Pays du Ternois","8, Place François Mitterrand",,,"62130","Saint-Pol-sur-Ternoise","62767","62","31"
299,"Autre",0,"Communauté d'Agglomération du Boulonnais","Hôtel communautaire ","1 Boulevard du Bassin Napoléon","BP 755","62200","Boulogne-sur-Mer","62160","62","31"
300,"Autre",0,"Ville de Calais","48 rue du Château d'eau",,,"62100","Calais","62193","62","31"
405,"EIE",1,"EIE Lens-Liévin","Rue Lavoisier",,,"62300","Lens","62498","62","31"
42,"ADIL",1,"ADIL du Puy-de-Dôme","Maison de l'Habitat","129 av. de la République",,"63100","Clermont-Ferrand","63113","63","83"
22,"ADIL",0,"ADIL des Pyrénées-Atlantique (antenne de Pau)","7 rue Camy",,,"64000","Pau","64445","64","72"
23,"ADIL",0,"ADIL des Pyrénées-Atlantique (antenne de Bayonne)","1 rue Ulysse Darracq","Angle Quai Amiral Bergeret",,"64100","Bayonne","64102","64","72"
33,"DDTM",0,"DDTM des Pyrénées-Atlantiques","Cité Administrative","boulevard Tourasse","CS 57577 ","64032","Pau","64445","64","72"
35,"Autre",1,"EIE 64 - PACT H&D Béarn-Bigorre","48 bis boulevard Alsace-Lorraine",,,"64011","Pau","64445","64","72"
39,"Autre",1,"PACT H&D du Pays Basque","9 rue Jacques Lafitte",,,"64100","Bayonne","64102","64","72"
236,"ADIL",0,"ADIL des Hautes-Pyrénées","24 rue Larrey Résidence Brasilia",,,"65000","Tarbes","65440","65","73"
249,"Autre",1,"EIE 65 - PACT H&D Béarn-Bigorre","2 rue Victor Hugo",,,"65000","Tarbes","65440","65","73"
181,"ADIL",0,"ADIL des Pyrénées-Orientales","3 rue Emmanuel Brousse",,,"66000","Perpignan","66136","66","91"
189,"DDTM",0,"DDTM des Pyrénées-Orientales","8 avenue Joffre",,,"66000","Perpignan","66136","66","91"
191,"Autre",1,"EIE du Conseil Général des Pyrénées Orientales","32 Rue Maréchal Foch",,,"66000","Perpignan","66136","66","91"
1,"ADIL",0,"ADIL du Bas-Rhin","5 rue Hannong",,,"67000","Strasbourg","67482","67","42"
4,"Autre",1,"Alter Alsace Energies 67","1 boulevard de Nancy",,,"67000","Strasbourg","67482","67","42"
6,"Autre",1,"Chambre de Consommation d'Alsace","2 avenue de la Brigade Alsace Lorraine",,,"67000","Strasbourg","67482","67","42"
8,"Autre",0,"Conseil général du Bas Rhin","Place du quartier blanc",,,"67964","Strasbourg","67482","67","42"
9,"Autre",1,"EIE du Pays Bruche Mossig Piémont","1 rue Gambrinus",,,"67190","Mutzig","67313","67","42"
12,"Autre",1,"EIE Haguenau","place Charles de Gaulle",,,"67504","Haguenau","67180","67","42"
13,"Autre",1,"EIE Nord Alsace","1 route de Lobsann",,,"67250","Merkwiller-Pechelbronn","67290","67","42"
15,"Autre",1,"Erstein Info Energie","14 rue Jean Georges Abry",,,"67150","Erstein","67130","67","42"
16,"Autre",1,"Pays de Saverne Plaine et Plateau","16 rue du Zornhoff",,,"67700","Saverne","67437","67","42"
412,"EIE",1,"EIE Centre Alsace","1 rue Lang",,,"67600","Sélestat","67462","67","42"
2,"ADIL",0,"ADIL du Haut-Rhin - Centre de Colmar","31 avenue Clemenceau",,,"68000","Colmar","68066","68","42"
3,"Autre",1,"ALME de Mulhouse","33, avenue de Colmar","Grand Rex",,"68200","Mulhouse","68224","68","42"
5,"Autre",1,"Alter Alsace Energies 68","4 rue du Maréchal Foch",,,"68460","Lutterbach","68195","68","42"
7,"Autre",1,"Communauté d'Agglomération de Colmar","32 cours Sainte Anne",,,"68000","Colmar","68066","68","42"
10,"Autre",1,"EIE du Pays Rhin Vignoble Grand-Ballon","170 rue de la République",,,"68500","Guebwiller","68112","68","42"
11,"Autre",1,"EIE du Pays Thur Doller","Pôle ENR","50 rue Pierre et Marie Curie	",,"68700","Cernay","68063","68","42"
14,"Autre",1,"EIE Rhin / Ried","4 rue de l'Arsenal",,,"68600","Neuf-Brisach","68231","68","42"
18,"Autre",0,"Communauté d'agglomération de Mulhouse","2 rue Pierre et Marie Curie","BP 90019",,"68948","Mulhouse","68224","68","42"
404,"ADIL",0,"ADIL du Haut-Rhin - Centre de Mulhouse","28 avenue des Franciscains",,,"68100","Mulhouse","68224","68","42"
385,"ADIL",0,"ADIL du Rhône","9 rue Vauban",,,"69006","Lyon","69386","69","82"
387,"Autre",1,"Espace INFO->ENERGIE du Rhône","14 place Jules Ferry",,,"69006","Lyon","69386","69","82"
121,"Autre",1,"ADERA","Le Moulin",,,"70120","Gourgeon","70272","70","43"
122,"ADIL",0,"ADIL de la Haute-Saône","30 place Renet",,,"70000","Vesoul","70550","70","43"
59,"ADIL",0,"ADIL de Saône-et-Loire","13 rue Gabriel Jeanton",,,"71000","Mâcon","71270","71","26"
62,"Autre",1,"CAUE 71","6 quai Jules Chagot",,,"71300","Montceau-les-Mines","71306","71","26"
64,"DDT",0,"DDT de la Saône-et-Loire","37 boulevard Henri Dunant",,,"71040","Mâcon","71270","71","26"
311,"DDT",0,"DDT de la Sarthe","Service habitat ville construction","19 boulevard Paixhans",,"72000","Le Mans","72181","72","52"
316,"Autre",1,"Sarthe Nature Environnement","10 rue Barbier",,,"72000","Le Mans","72181","72","52"
384,"ADIL",0,"ADIL de la Savoie","131 rue Juiverie",,,"73000","Chambéry","73065","73","82"
389,"Autre",1,"Asder","124 rue du Bon Vent",,,"73094","Chambéry","73065","73","82"
393,"DDT",0,"DDT de la Savoie","L'Adret","1 rue des Cévennes","BP 106","73011","Chambéry","73065","73","82"
379,"ADIL",0,"ADIL de Haute-Savoie","4 avenue de Chambéry",,,"74000","Annecy","74010","74","82"
391,"DDT",0,"DDT de la Haute-Savoie","15 rue Henry Bordeaux",,,"74000","Annecy","74010","74","82"
397,"Autre",1,"Prioriterre","3 rue René Dumont",,,"74960","Meythet","74182","74","82"
142,"ADIL",0,"ADIL de Paris","46 bis boulevard Edgar Quinet",,,"75014","Paris","75114","75","11"
151,"Autre",1,"Agence Parisienne du Climat","3 rue François Truffaut",,,"75012","Paris","75112","75","11"
158,"DRIHL",0,"DRIHL de Paris","5 rue Leblanc",,,"75015","Paris","75115","75","11"
130,"ADIL",0,"ADIL de Seine-Maritime","86 rue Léon Blum",,,"76300","Sotteville-lès-Rouen","76681","76","23"
132,"Autre",1,"CAUE 76","27 rue François Mitterrand",,,"76140","Le Petit-Quevilly","76498","76","23"
133,"Autre",1,"CODAH","19 rue Georges Braque",,,"76085","Le Havre","76351","76","23"
134,"DDT",0,"DDT de la Seine-Maritime","Cité administrative Saint Sever","2 rue Saint Sever",,"76100","Rouen","76540","76","23"
136,"Autre",1,"EIE de Caux Vallée de Seine","allée du Catillon",,,"76170","Lillebonne","76384","76","23"
137,"Autre",1,"EIE de la Communauté de Rouen - Elbeuf - Austreberthe","7 rue Jeanne d'Arc",,,"76000","Rouen","76540","76","23"
138,"Autre",1,"EIE des Hautes Falaises","3 rue Saint Nicolas",,,"76400","Fécamp","76259","76","23"
139,"Autre",1,"EIE Dieppe-Maritime","Espace Ventabren",,,"76200","Dieppe","76217","76","23"
143,"ADIL",0,"ADIL de Seine-et-Marne","52 rue de l'Abreuvoir",,,"77100","Meaux","77284","77","11"
154,"DDT",0,"DDT de la Seine-et-Marne","Parc d'activités","288 rue Georges Clémenceau",,"77000","Vaux-le-Pénil","77487","77","11"
165,"Autre",1,"IDEMU","31 avenue de la Résistance",,,"77500","Chelles","77108","77","11"
172,"Autre",1,"PACT 77","649 avenue Bir Hakeim",,,"77350","Le Mée-sur-Seine","77285","77","11"
176,"Autre",1,"Seine et Marne Environnement","18 allée Gustave Prugnat",,,"77250","Moret-sur-Loing","77316","77","11"
407,"EIE",1,"Espace Info Energie de la Communauté de Communes des Deux Fleuves","Communauté de communes des deux fleuves","29 Avenue du Général De Gaulle",,"77130","Montereau-Fault-Yonne","77305","77","11"
146,"ADIL",0,"ADIL des Yvelines","4 rue Saint-Nicolas",,,"78000","Versailles","78646","78","11"
150,"Autre",1,"Agence Locale de l'Energie et du Climat de Saint Quentin en Yvelines","6 rue Haroun Tazieff",,,"78114","Magny-les-Hameaux","78356","78","11"
155,"DDT",0,"DDT des Yvelines","35 rue Noailles",,,"78000","Versailles","78646","78","11"
161,"Autre",1,"Energies Solidaires","120 avenue du Port",,,"78955","Carrières-sous-Poissy","78123","78","11"
335,"ADIL",0,"ADIL des Deux-Sèvres","28 rue du Bas Paradis",,,"79000","Niort","79191","79","54"
342,"Autre",1,"CRER","8, rue Jacques Cartier",,,"79260","La Crèche","79048","79","54"
347,"Autre",0,"Syndicat Mixte du Pays Thouarsais","21 avenue Victor Hugo",,,"79104","Thouars","79329","79","54"
322,"ADIL",0,"ADIL de la Somme","28 boulevard Alsace Lorraine",,,"80000","Amiens","80021","80","22"
323,"Autre",1,"APREMIS","21 rue d'Abbeville",,,"80016","Amiens","80021","80","22"
328,"Autre",1,"PACT ADRIM 80 - Abbeville","AQU’ABB","Allée du 8 mai 1945	",,"80100","Abbeville","80001","80","22"
329,"Autre",1,"PACT ADRIM 80 - Amiens","Cité des Métiers et de l’Artisanat","7 rue de l’Ile Mystérieuse	",,"80440","Boves","80131","80","22"
239,"ADIL",0,"ADIL du Tarn","Résidence Leclerc","3 boulevard Lacombe",,"81000","Albi","81004","81","73"
248,"Autre",1,"CAUE du Tarn","188 rue Jarlard",,,"81000","Albi","81004","81","73"
240,"ADIL",0,"ADIL du Tarn-et-Garonne","24 rue d'Albert","BP 348",,"82003","Montauban","82121","82","73"
246,"Autre",1,"EIE 82 - CAUE du Tarn et Garonne","Hôtel du Département - 100 Boulevard Gouze",,,"82000","Montauban","82121","82","73"
259,"Autre",0,"Communauté d'agglomération du Grand Montauban","285 avenue du Père Léonid Chrol","BP 764",,"82200","Montauban","82121","82","73"
261,"Autre",0,"Conseil général du Tarn-et-Garonne","100 Boulevard Hubert Gouze","BP 783",,"82200","Montauban","82121","82","73"
349,"Autre",1,"ADEE - Espace Info Energie Est Var","842 rue Jean Giono",,,"83600","Fréjus","83061","83","93"
354,"ADIL",0,"ADIL du Var","504 avenue du Maréchal de Lattre de Tassigny","""Le Galaxie"" entrée B","quartier Le Mourillon","83000","Toulon","83137","83","93"
361,"Autre",1,"CoFor 83","Quartier Précoumin","Route de Toulon",,"83340","Le Luc","83073","83","93"
371,"Autre",1,"EIE - Aire Toulonnaise","7 rue de Seillon",,,"83000","Toulon","83137","83","93"
373,"Autre",1,"EIE en Dracenie","square Mozart",,,"83004","Draguignan","83050","83","93"
355,"ADIL",0,"ADIL du Vaucluse","2 rue Saint-Etienne","place Campana",,"84000","Avignon","84007","84","93"
356,"Autre",1,"AERE - EIE de la CoVe","1171 avenue du Mont Ventoux",,,"84203","Carpentras","84031","84","93"
357,"Autre",1,"AERE - EIE du grand Avignon","106 rue Carreterie",,,"84000","Avignon","84007","84","93"
358,"Autre",1,"AERE - Parc du Luberon","impasse Marin la Mesle",,,"84400","Apt","84003","84","93"
363,"Autre",1,"CEDER Copavo","375, Avenue Gabriel Peri",,,"84110","Vaison-la-Romaine","84137","84","93"
367,"DDT",0,"DDT du Vaucluse","28, boulevard Limbert",,,"84905","Avignon","84007","84","93"
305,"ADIL",0,"ADIL de Vendée","143 boulevard Aristide Briand",,,"85000","La Roche-sur-Yon","85191","85","52"
313,"Autre",1,"ELISE","3 rue du Maréchal Juin",,,"85000","La Roche-sur-Yon","85191","85","52"
319,"Autre",0,"La Roche sur Yon agglomération","54 rue René Goscinny ",,,"85000","La Roche-sur-Yon","85191","85","52"
334,"ADIL",0,"ADIL de la Vienne","60 boulevard du Grand Cerf",,,"86000","Poitiers","86194","86","54"
338,"Autre",1,"Communauté d'Agglomération de Poitiers - Repère","8 rue des Grandes Ecoles",,,"86000","Poitiers","86194","86","54"
341,"Autre",1,"CPIE Seuil du Poitou","Moulin de Chitré",,,"86210","Vouneuil-sur-Vienne","86298","86","54"
348,"Autre",1,"Vienne Habitat","17 rue Carnot",,,"86000","Poitiers","86194","86","54"
198,"ADIL",0,"ADIL de la Haute-Vienne","28 avenue de la Libération",,,"87000","Limoges","87085","87","74"
199,"Autre",1,"Association Limousin Nature Environnement","11 rue Jauvion",,,"87000","Limoges","87085","87","74"
206,"Autre",1,"Ville de Limoges","31 avenue Baudin",,,"87031","Limoges","87085","87","74"
411,"Autre",0,"Ville de Limoges","31 Avenue Baudin, Direction Environnement Santé",,,"87000","Limoges","87085","87","74"
220,"DDT",0,"DDT des Vosges","22-26 avenue Dutac",,,"88016","Épinal","88160","88","41"
221,"Autre",1,"EIE Centre et Ouest Vosges","20 allée des Blanches Croix",,,"88000","Épinal","88160","88","41"
225,"Autre",1,"EIE Est Vosges","60 rue de la Bolle",,,"88100","Saint-Dié-des-Vosges","88413","88","41"
58,"ADIL",0,"ADIL de l'Yonne","58 boulevard Vauban",,,"89000","Auxerre","89024","89","26"
127,"DDT",0,"DDT du territoire de Belfort","place de la Révolution Française",,,"90020","Belfort","90010","90","43"
128,"Autre",1,"Gaïa Energies","240 avenue Jean Jaurès",,,"90000","Belfort","90010","90","43"
141,"ADIL",0,"ADIL de l'Essonne","Maison Départementale de l'Habitat","1 boulevard de l'Ecoute-s'il-pleut",,"91000","Évry","91228","91","11"
153,"Autre",1,"ATEPS (Agence Territoriale de l'Energie du Plateau de Saclay)","4 boulevard Dubreuil",,,"91400","Orsay","91471","91","11"
159,"Autre",1,"EIE Habitat des Hauts de Bièvre","place Charles de Gaulle",,,"91370","Verrières-le-Buisson","91645","91","11"
162,"Autre",1,"Espace Info Energie Sud Essonne","25 Avenue des Meuniers",,,"91150","Étampes","91223","91","11"
163,"Autre",1,"Essonne Info Energie","1 boulevard de l'Ecoute-s'il-pleut",,,"91012","Évry","91228","91","11"
170,"Autre",1,"Maison de l''Environnement de Morsang sur Orge","place des Trois Martyrs",,,"91390","Morsang-sur-Orge","91434","91","11"
175,"Autre",1,"Parc naturel régional du Gâtinais","Maison du Parc","20 boulevard du Maréchal Lyautey",,"91490","Milly-la-Forêt","91405","91","11"
177,"Autre",1,"SoliCités","13 rue Nungesser et Coli",,,"91170","Viry-Châtillon","91687","91","11"
145,"ADIL",0,"ADIL des Hauts-de-Seine","17 rue Salvador-Allende",,,"92000","Nanterre","92050","92","11"
164,"Autre",1,"Grand Paris Seine Ouest Energie","2 rue de Paris",,,"92190","Meudon","92048","92","11"
166,"Autre",1,"IDEMU 92","33 boulevard National",,,"92250","La Garenne-Colombes","92035","92","11"
144,"ADIL",0,"ADIL de Seine-Saint-Denis","6-8 rue Gaston Lauriau",,,"93100","Montreuil","93048","93","11"
152,"Autre",1,"ALEC Plaine Commune","8 rue des Boucheries",,,"93200","Saint-Denis","93066","93","11"
157,"DRIHL",0,"DRIHL de la Seine-Saint-Denis","7 esplanade Jean Moulin","BP 189",,"93003","Bobigny","93008","93","11"
160,"Autre",1,"EIE IDEMU - Terres de France","C.A. Terres de France",,,"93423","Villepinte","93078","93","11"
167,"Autre",1,"IDEMU 93","17 rue des Ursulines",,,"93200","Saint-Denis","93066","93","11"
171,"Autre",1,"Agence Locale de l'Energie Maîtrisez Votre Energie","12 boulevard Rouget de Lisle",,,"93100","Montreuil","93048","93","11"
148,"ADIL",0,"ADIL du Val-de-Marne","48 avenue Pierre Brossolette",,,"94000","Créteil","94028","94","11"
149,"Autre",1,"Agence de l'énergie Val-de-Marne - Vitry","36 rue Edmond Nocard",,,"94700","Maisons-Alfort","94046","94","11"
156,"DRIHL",0,"DRIHL du Val-de-Marne","12 rue des archives",,,"94000","Créteil","94028","94","11"
169,"Autre",1,"La Bouilloire","175 Boulevard Aristide Briand (N20/D920)",,,"94230","Cachan","94016","94","11"
173,"Autre",1,"PACT 94","9 bis passage Dartois Bidot",,,"94100","Saint-Maur-des-Fossés","94068","94","11"
178,"Autre",1,"Ville de Nogent-sur-Marne","3 place Roland Nungesser",,,"94130","Nogent-sur-Marne","94052","94","11"
147,"ADIL",0,"ADIL du Val-d'Oise","Bâtiment G - La Croix St Sylvère",,,"95000","Cergy","95127","95","11"
168,"Autre",1,"Inven'Terre","76 rue Pierre Brossolette",,,"95200","Sarcelles","95585","95","11"
174,"Autre",1,"Pact 95","13 boulevard de l'Hautil",,,"95092","Cergy","95127","95","11"
112,"ADIL",0,"ADIL de Corse-du-Sud","Immeuble Panero","boulevard Dominique Paoli",,"20090","Ajaccio","2A004","2A","94"
116,"Autre",1,"CPIE Ajaccio","rue Jean Chiappe",,,"20090","Ajaccio","2A004","2A","94"
120,"Autre",1,"Primu Sole Energia Sud","Les 4 chemins",,,"20137","Porto-Vecchio","2A247","2A","94"
113,"ADIL",0,"ADIL de Haute-Corse","Hôtel du Département","Les Terrasses du Fango","21 Rue du Juge Falcone","20405","Bastia","2B033","2B","94"
114,"Autre",1,"CAUE Bastia","avenue de la Libération",,,"20600","Bastia","2B033","2B","94"
115,"Autre",1,"Corse Energies Environnement","Lieu-dit Prunete",,,"20221","Cervione","2B087","2B","94"
117,"Autre",1,"CPIE Corte Centre Corse","4 rue du Vieux Marché",,,"20250","Corte","2B096","2B","94"
118,"DDTM",0,"DDTM de la Haute-Corse","8 boulevard Benoîte Danesi",,,"20411","Bastia","2B033","2B","94"
119,"Autre",1,"Primu Sole Energia Nord","avenue Paul Doumer",,,"20220","L'Île-Rousse","2B134","2B","94"
